<?xml version="1.0" encoding="UTF-8"?>
<project-private xmlns="http://www.netbeans.org/ns/project-private/1">
    <editor-bookmarks xmlns="http://www.netbeans.org/ns/editor-bookmarks/2" lastBookmarkId="0"/>
    <open-files xmlns="http://www.netbeans.org/ns/projectui-open-files/2">
        <group>
            <file>file:/C:/Users/fpt/Documents/NetBeansProjects/Gas6/web/single-product.html</file>
            <file>file:/C:/Users/fpt/Documents/NetBeansProjects/Gas6/web/cart.html</file>
            <file>file:/C:/Users/fpt/Documents/NetBeansProjects/Gas6/web/shop.html</file>
            <file>file:/C:/Users/fpt/Documents/NetBeansProjects/Gas6/web/img/slide-2_1.jpg</file>
            <file>file:/C:/Users/fpt/Documents/NetBeansProjects/Gas6/web/img/slide-2.jpg</file>
            <file>file:/C:/Users/fpt/Documents/NetBeansProjects/Gas6/web/img/slide-3_1.jpg</file>
            <file>file:/C:/Users/fpt/Documents/NetBeansProjects/Gas6/web/index.html</file>
            <file>file:/C:/Users/fpt/Documents/NetBeansProjects/Gas6/web/img/11.jpg</file>
            <file>file:/C:/Users/fpt/Documents/NetBeansProjects/Gas6/web/style.css</file>
            <file>file:/C:/Users/fpt/Documents/NetBeansProjects/Gas6/web/checkout.html</file>
            <file>file:/C:/Users/fpt/Documents/NetBeansProjects/Gas6/web/img/slide-1.jpg</file>
            <file>file:/C:/Users/fpt/Documents/NetBeansProjects/Gas6/web/img/slide-1_1.jpg</file>
            <file>file:/C:/Users/fpt/Documents/NetBeansProjects/Gas6/web/img/product-thumb-1_1.jpg</file>
            <file>file:/C:/Users/fpt/Documents/NetBeansProjects/Gas6/web/img/slide-3.jpg</file>
            <file>file:/C:/Users/fpt/Documents/NetBeansProjects/Gas6/web/img/crossword.png</file>
            <file>file:/C:/Users/fpt/Documents/NetBeansProjects/Gas6/web/img/crossword_1.png</file>
            <file>file:/C:/Users/fpt/Documents/NetBeansProjects/Gas6/web/img/product-1.jpg</file>
        </group>
    </open-files>
</project-private>
